OC;QTDE;MATERIAL;EAN;TEXTO BREVE;COR;TAMANHO;MAT.FORNCEDOR;RAZÃO SOCIAL;FORNECEDOR;COR FORNECEDOR;PREÇO LÍQ.;POR
4500655584;6;25205347005;7,91E+12;Sandalia MINI MELISSA FRIENDLY BB, 26/27;ROSA;26/27;33780;GRENDENE S A;20001019;AF668;52,31;1
4500655584;6;25205347001;7,91E+12;Sandalia MINI MELISSA FRIENDLY BB, 28;ROSA;28;33780;GRENDENE S A;20001019;AF668;52,31;1
4500655584;1;25205348001;7,91E+12;Sandalia MINI MELISSA FRIENDLY BB, 17/18;AMARELO;17/18;33780;GRENDENE S A;20001019;AF669;52,31;1
4500655584;1;25205348005;7,91E+12;Sandalia MINI MELISSA FRIENDLY BB, 19;AMARELO;19;33780;GRENDENE S A;20001019;AF669;52,31;1
4500655584;2;25205348002;7,91E+12;Sandalia MINI MELISSA FRIENDLY BB, 20/21;AMARELO;20/21;33780;GRENDENE S A;20001019;AF669;52,31;1
4500655584;3;25205348006;7,91E+12;Sandalia MINI MELISSA FRIENDLY BB, 22;AMARELO;22;33780;GRENDENE S A;20001019;AF669;52,31;1
4500655584;3;25205348003;7,91E+12;Sandalia MINI MELISSA FRIENDLY BB, 23/24;AMARELO;23/24;33780;GRENDENE S A;20001019;AF669;52,31;1
4500655584;2;25205348007;7,91E+12;Sandalia MINI MELISSA FRIENDLY BB, 25;AMARELO;25;33780;GRENDENE S A;20001019;AF669;52,31;1
4500655584;3;25205348004;7,91E+12;Sandalia MINI MELISSA FRIENDLY BB, 26/27;AMARELO;26/27;33780;GRENDENE S A;20001019;AF669;52,31;1
4500655584;3;25205348008;7,91E+12;Sandalia MINI MELISSA FRIENDLY BB, 28;AMARELO;28;33780;GRENDENE S A;20001019;AF669;52,31;1
4500655584;1;25205346001;7,91E+12;Sandalia MINI MELISSA FRIENDLY BB, 17/18;PRETO;17/18;33780;GRENDENE S A;20001019;AF644;52,31;1
4500655584;1;25205346005;7,91E+12;Sandalia MINI MELISSA FRIENDLY BB, 19;PRETO;19;33780;GRENDENE S A;20001019;AF644;52,31;1
4500655584;2;25205346002;7,91E+12;Sandalia MINI MELISSA FRIENDLY BB, 20/21;PRETO;20/21;33780;GRENDENE S A;20001019;AF644;52,31;1
4500655584;3;25205346006;7,91E+12;Sandalia MINI MELISSA FRIENDLY BB, 22;PRETO;22;33780;GRENDENE S A;20001019;AF644;52,31;1
4500655584;3;25205346003;7,91E+12;Sandalia MINI MELISSA FRIENDLY BB, 23/24;PRETO;23/24;33780;GRENDENE S A;20001019;AF644;52,31;1
4500655584;2;25205346007;7,91E+12;Sandalia MINI MELISSA FRIENDLY BB, 25;PRETO;25;33780;GRENDENE S A;20001019;AF644;52,31;1
4500655584;3;25205346004;7,91E+12;Sandalia MINI MELISSA FRIENDLY BB, 26/27;PRETO;26/27;33780;GRENDENE S A;20001019;AF644;52,31;1
4500655584;3;25205346008;7,91E+12;Sandalia MINI MELISSA FRIENDLY BB, 28;PRETO;28;33780;GRENDENE S A;20001019;AF644;52,31;1
4500655584;1;24919942001;7,91E+12;Sandalia MINI MELISSA WAY BB, 17/18;AZUL;17/18;33666;GRENDENE S A;20001019;AF406;52,31;1
4500655584;1;24919942005;7,91E+12;Sandalia MINI MELISSA WAY BB, 19;AZUL;19;33666;GRENDENE S A;20001019;AF406;52,31;1
4500655584;2;24919942002;7,91E+12;Sandalia MINI MELISSA WAY BB, 20/21;AZUL;20/21;33666;GRENDENE S A;20001019;AF406;52,31;1
4500655584;3;24919942006;7,91E+12;Sandalia MINI MELISSA WAY BB, 22;AZUL;22;33666;GRENDENE S A;20001019;AF406;52,31;1
4500655584;3;24919942003;7,91E+12;Sandalia MINI MELISSA WAY BB, 23/24;AZUL;23/24;33666;GRENDENE S A;20001019;AF406;52,31;1
4500655584;2;24919942007;7,91E+12;Sandalia MINI MELISSA WAY BB, 25;AZUL;25;33666;GRENDENE S A;20001019;AF406;52,31;1
4500655584;3;24919942004;7,91E+12;Sandalia MINI MELISSA WAY BB, 26/27;AZUL;26/27;33666;GRENDENE S A;20001019;AF406;52,31;1
4500655584;3;24919942008;7,91E+12;Sandalia MINI MELISSA WAY BB, 28;AZUL;28;33666;GRENDENE S A;20001019;AF406;52,31;1
4500655584;1;23811252008;7,91E+12;Sandalia MINI MELISSA WAY BB, 17/18;ROSA;17/18;33666;GRENDENE S A;20001019;AB570;52,31;1
4500655584;1;23811252004;7,91E+12;Sandalia MINI MELISSA WAY BB, 19;ROSA;19;33666;GRENDENE S A;20001019;AB570;52,31;1
4500655584;2;23811252007;7,91E+12;Sandalia MINI MELISSA WAY BB, 20/21;ROSA;20/21;33666;GRENDENE S A;20001019;AB570;52,31;1
4500655584;3;23811252003;7,91E+12;Sandalia MINI MELISSA WAY BB, 22;ROSA;22;33666;GRENDENE S A;20001019;AB570;52,31;1
4500655584;3;23811252006;7,91E+12;Sandalia MINI MELISSA WAY BB, 23/24;ROSA;23/24;33666;GRENDENE S A;20001019;AB570;52,31;1
4500655584;2;23811252002;7,91E+12;Sandalia MINI MELISSA WAY BB, 25;ROSA;25;33666;GRENDENE S A;20001019;AB570;52,31;1
4500655584;3;23811252005;7,91E+12;Sandalia MINI MELISSA WAY BB, 26/27;ROSA;26/27;33666;GRENDENE S A;20001019;AB570;52,31;1
4500655584;3;23811252001;7,91E+12;Sandalia MINI MELISSA WAY BB, 28;ROSA;28;33666;GRENDENE S A;20001019;AB570;52,31;1
4500655584;1;23811253001;7,91E+12;Sandalia MINI MELISSA WAY BB, 17/18;LILAS;17/18;33666;GRENDENE S A;20001019;AB571;52,31;1
4500655584;1;23811253005;7,91E+12;Sandalia MINI MELISSA WAY BB, 19;LILAS;19;33666;GRENDENE S A;20001019;AB571;52,31;1
4500655584;2;23811253002;7,91E+12;Sandalia MINI MELISSA WAY BB, 20/21;LILAS;20/21;33666;GRENDENE S A;20001019;AB571;52,31;1
4500655584;3;23811253006;7,91E+12;Sandalia MINI MELISSA WAY BB, 22;LILAS;22;33666;GRENDENE S A;20001019;AB571;52,31;1
4500655584;2;24919955006;7,91E+12;Sandalia MINI MELISSA COSMIC SANDAL, 28;MULTICOLORIDO;28;33617;GRENDENE S A;20001019;AB639;93,01;1
4500655584;2;24919955005;7,91E+12;Sandalia MINI MELISSA COSMIC SANDAL, 29;MULTICOLORIDO;29;33617;GRENDENE S A;20001019;AB639;93,01;1
4500655584;2;24919955004;7,91E+12;Sandalia MINI MELISSA COSMIC SANDAL, 30;MULTICOLORIDO;30;33617;GRENDENE S A;20001019;AB639;93,01;1
4500655584;2;24919955003;7,91E+12;Sandalia MINI MELISSA COSMIC SANDAL, 31;MULTICOLORIDO;31;33617;GRENDENE S A;20001019;AB639;93,01;1
4500655584;2;24919955002;7,91E+12;Sandalia MINI MELISSA COSMIC SANDAL, 32;MULTICOLORIDO;32;33617;GRENDENE S A;20001019;AB639;93,01;1
4500655584;2;24919955001;7,91E+12;Sandalia MINI MELISSA COSMIC SANDAL, 33;MULTICOLORIDO;33;33617;GRENDENE S A;20001019;AB639;93,01;1
4500655584;2;24919954002;7,91E+12;Sandalia MINI MELISSA COSMIC SANDAL, 28;MULTICOLORIDO;28;33617;GRENDENE S A;20001019;AB638;93,01;1
4500655584;2;24919954003;7,91E+12;Sandalia MINI MELISSA COSMIC SANDAL, 29;MULTICOLORIDO;29;33617;GRENDENE S A;20001019;AB638;93,01;1
4500655584;2;24919954004;7,91E+12;Sandalia MINI MELISSA COSMIC SANDAL, 30;MULTICOLORIDO;30;33617;GRENDENE S A;20001019;AB638;93,01;1
4500655584;2;24919954005;7,91E+12;Sandalia MINI MELISSA COSMIC SANDAL, 31;MULTICOLORIDO;31;33617;GRENDENE S A;20001019;AB638;93,01;1
4500655584;2;24919954006;7,91E+12;Sandalia MINI MELISSA COSMIC SANDAL, 32;MULTICOLORIDO;32;33617;GRENDENE S A;20001019;AB638;93,01;1
4500655584;2;24919954007;7,91E+12;Sandalia MINI MELISSA COSMIC SANDAL, 33;MULTICOLORIDO;33;33617;GRENDENE S A;20001019;AB638;93,01;1
4500655584;3;24919956002;7,91E+12;Sandalia MINI MELISSA COSMIC SANDAL, 28;ROSA;28;33617;GRENDENE S A;20001019;AB640;93,01;1
4500655584;3;24919956003;7,91E+12;Sandalia MINI MELISSA COSMIC SANDAL, 29;ROSA;29;33617;GRENDENE S A;20001019;AB640;93,01;1
4500655584;3;24919956004;7,91E+12;Sandalia MINI MELISSA COSMIC SANDAL, 30;ROSA;30;33617;GRENDENE S A;20001019;AB640;93,01;1
4500655584;3;24919956005;7,91E+12;Sandalia MINI MELISSA COSMIC SANDAL, 31;ROSA;31;33617;GRENDENE S A;20001019;AB640;93,01;1
4500655584;3;24919956006;7,91E+12;Sandalia MINI MELISSA COSMIC SANDAL, 32;ROSA;32;33617;GRENDENE S A;20001019;AB640;93,01;1
4500655584;3;24919956007;7,91E+12;Sandalia MINI MELISSA COSMIC SANDAL, 33;ROSA;33;33617;GRENDENE S A;20001019;AB640;93,01;1
4500655584;1;24919957002;7,91E+12;Sandalia MINI MELISSA COSMIC SANDAL, 28;PRETO;28;33617;GRENDENE S A;20001019;AB642;93,01;1
4500655584;1;24919957003;7,91E+12;Sandalia MINI MELISSA COSMIC SANDAL, 29;PRETO;29;33617;GRENDENE S A;20001019;AB642;93,01;1
4500655584;1;24919957004;7,91E+12;Sandalia MINI MELISSA COSMIC SANDAL, 30;PRETO;30;33617;GRENDENE S A;20001019;AB642;93,01;1
4500655584;1;24919957005;7,91E+12;Sandalia MINI MELISSA COSMIC SANDAL, 31;PRETO;31;33617;GRENDENE S A;20001019;AB642;93,01;1
4500655584;1;24919957006;7,91E+12;Sandalia MINI MELISSA COSMIC SANDAL, 32;PRETO;32;33617;GRENDENE S A;20001019;AB642;93,01;1
4500655584;1;24919957007;7,91E+12;Sandalia MINI MELISSA COSMIC SANDAL, 33;PRETO;33;33617;GRENDENE S A;20001019;AB642;93,01;1
4500655584;4;25205371004;7,91E+12;Sandalia MINI MELISSA FRIENDLY INF, 30;ROSA;30;33783;GRENDENE S A;20001019;AF684;58,13;1
4500655584;8;25205371003;7,91E+12;Sandalia MINI MELISSA FRIENDLY INF, 31;ROSA;31;33783;GRENDENE S A;20001019;AF684;58,13;1
4500655584;8;25205371002;7,91E+12;Sandalia MINI MELISSA FRIENDLY INF, 32;ROSA;32;33783;GRENDENE S A;20001019;AF684;58,13;1
4500655584;4;25205371001;7,91E+12;Sandalia MINI MELISSA FRIENDLY INF, 33;ROSA;33;33783;GRENDENE S A;20001019;AF684;58,13;1
4500655584;1;25205372002;7,91E+12;Sandalia MINI MELISSA FRIENDLY INF, 30;AMARELO;30;33783;GRENDENE S A;20001019;AF685;58,13;1
4500655584;2;25205372003;7,91E+12;Sandalia MINI MELISSA FRIENDLY INF, 31;AMARELO;31;33783;GRENDENE S A;20001019;AF685;58,13;1
4500655584;2;25205372004;7,91E+12;Sandalia MINI MELISSA FRIENDLY INF, 32;AMARELO;32;33783;GRENDENE S A;20001019;AF685;58,13;1
4500655584;1;25205372005;7,91E+12;Sandalia MINI MELISSA FRIENDLY INF, 33;AMARELO;33;33783;GRENDENE S A;20001019;AF685;58,13;1
4500655584;4;25205373002;7,91E+12;Sandalia MINI MELISSA FRIENDLY INF, 30;LILAS;30;33783;GRENDENE S A;20001019;AF686;58,13;1
4500655584;8;25205373003;7,91E+12;Sandalia MINI MELISSA FRIENDLY INF, 31;LILAS;31;33783;GRENDENE S A;20001019;AF686;58,13;1
4500655584;8;25205373004;7,91E+12;Sandalia MINI MELISSA FRIENDLY INF, 32;LILAS;32;33783;GRENDENE S A;20001019;AF686;58,13;1
4500655584;4;25205373005;7,91E+12;Sandalia MINI MELISSA FRIENDLY INF, 33;LILAS;33;33783;GRENDENE S A;20001019;AF686;58,13;1
4500655584;2;25205370002;7,91E+12;Sandalia MINI MELISSA FRIENDLY INF, 30;PRETO;30;33783;GRENDENE S A;20001019;AF683;58,13;1
4500655584;4;25205370003;7,91E+12;Sandalia MINI MELISSA FRIENDLY INF, 31;PRETO;31;33783;GRENDENE S A;20001019;AF683;58,13;1
4500655584;4;25205370004;7,91E+12;Sandalia MINI MELISSA FRIENDLY INF, 32;PRETO;32;33783;GRENDENE S A;20001019;AF683;58,13;1
4500655584;2;25205370005;7,91E+12;Sandalia MINI MELISSA FRIENDLY INF, 33;PRETO;33;33783;GRENDENE S A;20001019;AF683;58,13;1
4500655584;2;25205349008;7,91E+12;Sandalia MINI MELISSA FRIENDLY BB, 17/18;LILAS;17/18;33780;GRENDENE S A;20001019;AF670;52,31;1
4500655584;2;25205349004;7,91E+12;Sandalia MINI MELISSA FRIENDLY BB, 19;LILAS;19;33780;GRENDENE S A;20001019;AF670;52,31;1
4500655584;4;25205349007;7,91E+12;Sandalia MINI MELISSA FRIENDLY BB, 20/21;LILAS;20/21;33780;GRENDENE S A;20001019;AF670;52,31;1
4500655584;6;25205349003;7,91E+12;Sandalia MINI MELISSA FRIENDLY BB, 22;LILAS;22;33780;GRENDENE S A;20001019;AF670;52,31;1
4500655584;6;25205349006;7,91E+12;Sandalia MINI MELISSA FRIENDLY BB, 23/24;LILAS;23/24;33780;GRENDENE S A;20001019;AF670;52,31;1
4500655584;4;25205349002;7,91E+12;Sandalia MINI MELISSA FRIENDLY BB, 25;LILAS;25;33780;GRENDENE S A;20001019;AF670;52,31;1
4500655584;6;25205349005;7,91E+12;Sandalia MINI MELISSA FRIENDLY BB, 26/27;LILAS;26/27;33780;GRENDENE S A;20001019;AF670;52,31;1
4500655584;6;25205349001;7,91E+12;Sandalia MINI MELISSA FRIENDLY BB, 28;LILAS;28;33780;GRENDENE S A;20001019;AF670;52,31;1
4500655584;2;25205347008;7,91E+12;Sandalia MINI MELISSA FRIENDLY BB, 17/18;ROSA;17/18;33780;GRENDENE S A;20001019;AF668;52,31;1
4500655584;2;25205347004;7,91E+12;Sandalia MINI MELISSA FRIENDLY BB, 19;ROSA;19;33780;GRENDENE S A;20001019;AF668;52,31;1
4500655584;4;25205347007;7,91E+12;Sandalia MINI MELISSA FRIENDLY BB, 20/21;ROSA;20/21;33780;GRENDENE S A;20001019;AF668;52,31;1
4500655584;6;25205347003;7,91E+12;Sandalia MINI MELISSA FRIENDLY BB, 22;ROSA;22;33780;GRENDENE S A;20001019;AF668;52,31;1
4500655584;6;25205347006;7,91E+12;Sandalia MINI MELISSA FRIENDLY BB, 23/24;ROSA;23/24;33780;GRENDENE S A;20001019;AF668;52,31;1
4500655584;4;25205347002;7,91E+12;Sandalia MINI MELISSA FRIENDLY BB, 25;ROSA;25;33780;GRENDENE S A;20001019;AF668;52,31;1
4500655584;3;23811253003;7,91E+12;Sandalia MINI MELISSA WAY BB, 23/24;LILAS;23/24;33666;GRENDENE S A;20001019;AB571;52,31;1
4500655584;2;23811253007;7,91E+12;Sandalia MINI MELISSA WAY BB, 25;LILAS;25;33666;GRENDENE S A;20001019;AB571;52,31;1
4500655584;3;23811253004;7,91E+12;Sandalia MINI MELISSA WAY BB, 26/27;LILAS;26/27;33666;GRENDENE S A;20001019;AB571;52,31;1
4500655584;3;23811253008;7,91E+12;Sandalia MINI MELISSA WAY BB, 28;LILAS;28;33666;GRENDENE S A;20001019;AB571;52,31;1
4500655584;2;24919943008;7,91E+12;Sandalia MINI MELISSA WAY BB, 17/18;BRANCO;17/18;33666;GRENDENE S A;20001019;AF404;52,31;1
4500655584;2;24919943004;7,91E+12;Sandalia MINI MELISSA WAY BB, 19;BRANCO;19;33666;GRENDENE S A;20001019;AF404;52,31;1
4500655584;4;24919943007;7,91E+12;Sandalia MINI MELISSA WAY BB, 20/21;BRANCO;20/21;33666;GRENDENE S A;20001019;AF404;52,31;1
4500655584;6;24919943003;7,91E+12;Sandalia MINI MELISSA WAY BB, 22;BRANCO;22;33666;GRENDENE S A;20001019;AF404;52,31;1
4500655584;6;24919943006;7,91E+12;Sandalia MINI MELISSA WAY BB, 23/24;BRANCO;23/24;33666;GRENDENE S A;20001019;AF404;52,31;1
4500655584;4;24919943002;7,91E+12;Sandalia MINI MELISSA WAY BB, 25;BRANCO;25;33666;GRENDENE S A;20001019;AF404;52,31;1
4500655584;6;24919943005;7,91E+12;Sandalia MINI MELISSA WAY BB, 26/27;BRANCO;26/27;33666;GRENDENE S A;20001019;AF404;52,31;1
4500655584;6;24919943001;7,91E+12;Sandalia MINI MELISSA WAY BB, 28;BRANCO;28;33666;GRENDENE S A;20001019;AF404;52,31;1
4500655585;3;24048382003;7,91E+12;sandalia MINI MELISSA MAR SANDAL JEL, 22;VERDE;22;33545;GRENDENE S A;21086205;AB599;69,75;1
4500655585;3;24048382006;7,91E+12;sandalia MINI MELISSA MAR SANDAL, 23/24;VERDE;23/24;33545;GRENDENE S A;21086205;AB599;69,75;1
4500655585;2;24048382002;7,91E+12;sandalia MINI MELISSA MAR SANDAL JEL, 25;VERDE;25;33545;GRENDENE S A;21086205;AB599;69,75;1
4500655585;3;24048382005;7,91E+12;sandalia MINI MELISSA MAR SANDAL, 26/27;VERDE;26/27;33545;GRENDENE S A;21086205;AB599;69,75;1
4500655585;3;24048382001;7,91E+12;sandalia MINI MELISSA MAR SANDAL JEL, 28;VERDE;28;33545;GRENDENE S A;21086205;AB599;69,75;1
4500655585;2;25205431001;7,91E+12;Sapatilha MINI MELISSA ULTRAGIRL, 17/18;ROSA;17/18;33685;GRENDENE S A;21086205;AF451;69,75;1
4500655585;2;25205431005;7,91E+12;Sapatilha MINI MELISSA ULTRAGIRL CHR, 19;ROSA;19;33685;GRENDENE S A;21086205;AF451;69,75;1
4500655585;4;25205431002;7,91E+12;Sapatilha MINI MELISSA ULTRAGIRL, 20/21;ROSA;20/21;33685;GRENDENE S A;21086205;AF451;69,75;1
4500655585;6;25205431006;7,91E+12;Sapatilha MINI MELISSA ULTRAGIRL CHR, 22;ROSA;22;33685;GRENDENE S A;21086205;AF451;69,75;1
4500655585;6;25205431003;7,91E+12;Sapatilha MINI MELISSA ULTRAGIRL, 23/24;ROSA;23/24;33685;GRENDENE S A;21086205;AF451;69,75;1
4500655585;4;25205431007;7,91E+12;Sapatilha MINI MELISSA ULTRAGIRL CHR, 25;ROSA;25;33685;GRENDENE S A;21086205;AF451;69,75;1
4500655585;6;25205431004;7,91E+12;Sapatilha MINI MELISSA ULTRAGIRL, 26/27;ROSA;26/27;33685;GRENDENE S A;21086205;AF451;69,75;1
4500655585;6;25205431008;7,91E+12;Sapatilha MINI MELISSA ULTRAGIRL CHR, 28;ROSA;28;33685;GRENDENE S A;21086205;AF451;69,75;1
4500655585;2;25205430008;7,91E+12;Sapatilha MINI MELISSA ULTRAGIRL, 17/18;ROSA;17/18;33685;GRENDENE S A;21086205;AF450;69,75;1
4500655585;2;25205430004;7,91E+12;Sapatilha MINI MELISSA ULTRAGIRL CHR, 19;ROSA;19;33685;GRENDENE S A;21086205;AF450;69,75;1
4500655585;4;25205430007;7,91E+12;Sapatilha MINI MELISSA ULTRAGIRL, 20/21;ROSA;20/21;33685;GRENDENE S A;21086205;AF450;69,75;1
4500655585;6;25205430003;7,91E+12;Sapatilha MINI MELISSA ULTRAGIRL CHR, 22;ROSA;22;33685;GRENDENE S A;21086205;AF450;69,75;1
4500655585;6;25205430006;7,91E+12;Sapatilha MINI MELISSA ULTRAGIRL, 23/24;ROSA;23/24;33685;GRENDENE S A;21086205;AF450;69,75;1
4500655585;4;25205430002;7,91E+12;Sapatilha MINI MELISSA ULTRAGIRL CHR, 25;ROSA;25;33685;GRENDENE S A;21086205;AF450;69,75;1
4500655585;6;25205430005;7,91E+12;Sapatilha MINI MELISSA ULTRAGIRL, 26/27;ROSA;26/27;33685;GRENDENE S A;21086205;AF450;69,75;1
4500655585;6;25205430001;7,91E+12;Sapatilha MINI MELISSA ULTRAGIRL CHR, 28;ROSA;28;33685;GRENDENE S A;21086205;AF450;69,75;1
4500655585;4;25205408001;7,91E+12;Sapatilha MINI MELISSA ULTRAGIRL, 17/18;PRATA;17/18;33685;GRENDENE S A;21086205;AF448;69,75;1
4500655585;4;25205408005;7,91E+12;Sapatilha MINI MELISSA ULTRAGIRL CHR, 19;PRATA;19;33685;GRENDENE S A;21086205;AF448;69,75;1
4500655585;8;25205408002;7,91E+12;Sapatilha MINI MELISSA ULTRAGIRL, 20/21;PRATA;20/21;33685;GRENDENE S A;21086205;AF448;69,75;1
4500655585;12;25205408006;7,91E+12;Sapatilha MINI MELISSA ULTRAGIRL CHR, 22;PRATA;22;33685;GRENDENE S A;21086205;AF448;69,75;1
4500655585;12;25205408003;7,91E+12;Sapatilha MINI MELISSA ULTRAGIRL, 23/24;PRATA;23/24;33685;GRENDENE S A;21086205;AF448;69,75;1
4500655585;8;25205408007;7,91E+12;Sapatilha MINI MELISSA ULTRAGIRL CHR, 25;PRATA;25;33685;GRENDENE S A;21086205;AF448;69,75;1
4500655585;12;25205408004;7,91E+12;Sapatilha MINI MELISSA ULTRAGIRL, 26/27;PRATA;26/27;33685;GRENDENE S A;21086205;AF448;69,75;1
4500655585;12;25205408008;7,91E+12;Sapatilha MINI MELISSA ULTRAGIRL CHR, 28;PRATA;28;33685;GRENDENE S A;21086205;AF448;69,75;1
4500655585;1;25205409008;7,91E+12;Sapatilha MINI MELISSA ULTRAGIRL, 17/18;LILAS;17/18;33685;GRENDENE S A;21086205;AF449;69,75;1
4500655585;1;25205409004;7,91E+12;Sapatilha MINI MELISSA ULTRAGIRL CHR, 19;LILAS;19;33685;GRENDENE S A;21086205;AF449;69,75;1
4500655585;2;25205409007;7,91E+12;Sapatilha MINI MELISSA ULTRAGIRL, 20/21;LILAS;20/21;33685;GRENDENE S A;21086205;AF449;69,75;1
4500655585;3;25205409003;7,91E+12;Sapatilha MINI MELISSA ULTRAGIRL CHR, 22;LILAS;22;33685;GRENDENE S A;21086205;AF449;69,75;1
4500655585;3;25205409006;7,91E+12;Sapatilha MINI MELISSA ULTRAGIRL, 23/24;LILAS;23/24;33685;GRENDENE S A;21086205;AF449;69,75;1
4500655585;2;25205409002;7,91E+12;Sapatilha MINI MELISSA ULTRAGIRL CHR, 25;LILAS;25;33685;GRENDENE S A;21086205;AF449;69,75;1
4500655585;3;25205409005;7,91E+12;Sapatilha MINI MELISSA ULTRAGIRL, 26/27;LILAS;26/27;33685;GRENDENE S A;21086205;AF449;69,75;1
4500655585;3;25205409001;7,91E+12;Sapatilha MINI MELISSA ULTRAGIRL CHR, 28;LILAS;28;33685;GRENDENE S A;21086205;AF449;69,75;1
4500655585;1;25205432008;7,91E+12;Sapatilha MINI MELISSA ULTRAGIRL, 17/18;DOURADO;17/18;33685;GRENDENE S A;21086205;AF452;69,75;1
4500655585;1;25205432004;7,91E+12;Sapatilha MINI MELISSA ULTRAGIRL CHR, 19;DOURADO;19;33685;GRENDENE S A;21086205;AF452;69,75;1
4500655585;2;25205432007;7,91E+12;Sapatilha MINI MELISSA ULTRAGIRL, 20/21;DOURADO;20/21;33685;GRENDENE S A;21086205;AF452;69,75;1
4500655585;3;25205432003;7,91E+12;Sapatilha MINI MELISSA ULTRAGIRL CHR, 22;DOURADO;22;33685;GRENDENE S A;21086205;AF452;69,75;1
4500655585;3;25205432006;7,91E+12;Sapatilha MINI MELISSA ULTRAGIRL, 23/24;DOURADO;23/24;33685;GRENDENE S A;21086205;AF452;69,75;1
4500655585;4;25205435002;7,91E+12;Sandalia MINI MELISSA HARMONIC STARS, 28;ROSA;28;33574;GRENDENE S A;21086205;AE596;63,94;1
4500655585;4;25205435003;7,91E+12;Sandalia MINI MELISSA HARMONIC STARS, 29;ROSA;29;33574;GRENDENE S A;21086205;AE596;63,94;1
4500655585;4;25205435004;7,91E+12;Sandalia MINI MELISSA HARMONIC STARS, 30;ROSA;30;33574;GRENDENE S A;21086205;AE596;63,94;1
4500655585;4;25205435005;7,91E+12;Sandalia MINI MELISSA HARMONIC STARS, 31;ROSA;31;33574;GRENDENE S A;21086205;AE596;63,94;1
4500655585;4;25205435006;7,91E+12;Sandalia MINI MELISSA HARMONIC STARS, 32;ROSA;32;33574;GRENDENE S A;21086205;AE596;63,94;1
4500655585;4;25205435007;7,91E+12;Sandalia MINI MELISSA HARMONIC STARS, 33;ROSA;33;33574;GRENDENE S A;21086205;AE596;63,94;1
4500655585;4;24919989001;7,91E+12;Sandalia MINI MELISSA POSSESSION, 26/27;ROSA;26/27;33683;GRENDENE S A;21086205;AE426;93,01;1
4500655585;4;24919989002;7,91E+12;Sandalia MINI MELISSA POSSESSION FAI, 28;ROSA;28;33683;GRENDENE S A;21086205;AE426;93,01;1
4500655585;4;24919989003;7,91E+12;Sandalia MINI MELISSA POSSESSION FAI, 29;ROSA;29;33683;GRENDENE S A;21086205;AE426;93,01;1
4500655585;4;24919989004;7,91E+12;Sandalia MINI MELISSA POSSESSION FAI, 30;ROSA;30;33683;GRENDENE S A;21086205;AE426;93,01;1
4500655585;4;24919989005;7,91E+12;Sandalia MINI MELISSA POSSESSION FAI, 31;ROSA;31;33683;GRENDENE S A;21086205;AE426;93,01;1
4500655585;2;24919989006;7,91E+12;Sandalia MINI MELISSA POSSESSION FAI, 32;ROSA;32;33683;GRENDENE S A;21086205;AE426;93,01;1
4500655585;2;24919989007;7,91E+12;Sandalia MINI MELISSA POSSESSION FAI, 33;ROSA;33;33683;GRENDENE S A;21086205;AE426;93,01;1
4500655585;4;24919991001;7,91E+12;Sandalia MINI MELISSA POSSESSION, 26/27;LILAS;26/27;33683;GRENDENE S A;21086205;AE428;93,01;1
4500655585;4;24919991002;7,91E+12;Sandalia MINI MELISSA POSSESSION FAI, 28;LILAS;28;33683;GRENDENE S A;21086205;AE428;93,01;1
4500655585;4;24919991003;7,91E+12;Sandalia MINI MELISSA POSSESSION FAI, 29;LILAS;29;33683;GRENDENE S A;21086205;AE428;93,01;1
4500655585;4;24919991004;7,91E+12;Sandalia MINI MELISSA POSSESSION FAI, 30;LILAS;30;33683;GRENDENE S A;21086205;AE428;93,01;1
4500655585;4;24919991005;7,91E+12;Sandalia MINI MELISSA POSSESSION FAI, 31;LILAS;31;33683;GRENDENE S A;21086205;AE428;93,01;1
4500655585;2;24919991006;7,91E+12;Sandalia MINI MELISSA POSSESSION FAI, 32;LILAS;32;33683;GRENDENE S A;21086205;AE428;93,01;1
4500655585;2;24919991007;7,91E+12;Sandalia MINI MELISSA POSSESSION FAI, 33;LILAS;33;33683;GRENDENE S A;21086205;AE428;93,01;1
4500655585;2;24048624008;7,91E+12;Sandalia MINI MELISSA JUMP FRUITL, 17/18;AMARELO;17/18;33239;GRENDENE S A;21086205;AB914;87,19;1
4500655585;2;24048624004;7,91E+12;Sandalia MINI MELISSA JUMP FRUITLAND, 19;AMARELO;19;33239;GRENDENE S A;21086205;AB914;87,19;1
4500655585;4;24048624007;7,91E+12;Sandalia MINI MELISSA JUMP FRUITL, 20/21;AMARELO;20/21;33239;GRENDENE S A;21086205;AB914;87,19;1
4500655585;6;24048624003;7,91E+12;Sandalia MINI MELISSA JUMP FRUITLAND, 22;AMARELO;22;33239;GRENDENE S A;21086205;AB914;87,19;1
4500655585;6;24048624006;7,91E+12;Sandalia MINI MELISSA JUMP FRUITL, 23/24;AMARELO;23/24;33239;GRENDENE S A;21086205;AB914;87,19;1
4500655585;4;24048624002;7,91E+12;Sandalia MINI MELISSA JUMP FRUITLAND, 25;AMARELO;25;33239;GRENDENE S A;21086205;AB914;87,19;1
4500655585;6;24048624005;7,91E+12;Sandalia MINI MELISSA JUMP FRUITL, 26/27;AMARELO;26/27;33239;GRENDENE S A;21086205;AB914;87,19;1
4500655585;6;24048624001;7,91E+12;Sandalia MINI MELISSA JUMP FRUITLAND, 28;AMARELO;28;33239;GRENDENE S A;21086205;AB914;87,19;1
4500655585;1;24919937008;7,91E+12;Sandalia MINI MELISSA SUNNY BB, 17/18;AZUL;17/18;33580;GRENDENE S A;21086205;AD265;58,12;1
4500655585;1;24919937004;7,91E+12;Sandalia MINI MELISSA SUNNY BB, 19;AZUL;19;33580;GRENDENE S A;21086205;AD265;58,12;1
4500655585;2;24919937007;7,91E+12;Sandalia MINI MELISSA SUNNY BB, 20/21;AZUL;20/21;33580;GRENDENE S A;21086205;AD265;58,12;1
4500655585;3;24919937003;7,91E+12;Sandalia MINI MELISSA SUNNY BB, 22;AZUL;22;33580;GRENDENE S A;21086205;AD265;58,12;1
4500655585;3;24919937006;7,91E+12;Sandalia MINI MELISSA SUNNY BB, 23/24;AZUL;23/24;33580;GRENDENE S A;21086205;AD265;58,12;1
4500655585;2;24919937002;7,91E+12;Sandalia MINI MELISSA SUNNY BB, 25;AZUL;25;33580;GRENDENE S A;21086205;AD265;58,12;1
4500655585;3;24919937005;7,91E+12;Sandalia MINI MELISSA SUNNY BB, 26/27;AZUL;26/27;33580;GRENDENE S A;21086205;AD265;58,12;1
4500655585;3;24919937001;7,91E+12;Sandalia MINI MELISSA SUNNY BB, 28;AZUL;28;33580;GRENDENE S A;21086205;AD265;58,12;1
4500655585;2;24919938001;7,91E+12;Sandalia MINI MELISSA SUNNY BB, 17/18;ROSA;17/18;33580;GRENDENE S A;21086205;AD266;58,12;1
4500655585;2;24919938005;7,91E+12;Sandalia MINI MELISSA SUNNY BB, 19;ROSA;19;33580;GRENDENE S A;21086205;AD266;58,12;1
4500655585;4;24919938002;7,91E+12;Sandalia MINI MELISSA SUNNY BB, 20/21;ROSA;20/21;33580;GRENDENE S A;21086205;AD266;58,12;1
4500655585;6;24919938006;7,91E+12;Sandalia MINI MELISSA SUNNY BB, 22;ROSA;22;33580;GRENDENE S A;21086205;AD266;58,12;1
4500655585;6;24919938003;7,91E+12;Sandalia MINI MELISSA SUNNY BB, 23/24;ROSA;23/24;33580;GRENDENE S A;21086205;AD266;58,12;1
4500655585;2;25205432002;7,91E+12;Sapatilha MINI MELISSA ULTRAGIRL CHR, 25;DOURADO;25;33685;GRENDENE S A;21086205;AF452;69,75;1
4500655585;3;25205432005;7,91E+12;Sapatilha MINI MELISSA ULTRAGIRL, 26/27;DOURADO;26/27;33685;GRENDENE S A;21086205;AF452;69,75;1
4500655585;3;25205432001;7,91E+12;Sapatilha MINI MELISSA ULTRAGIRL CHR, 28;DOURADO;28;33685;GRENDENE S A;21086205;AF452;69,75;1
4500655585;2;24919993006;7,91E+12;Sandalia MINI MELISSA POSSESSION, 17/18;ROSA;17/18;33684;GRENDENE S A;21086205;AE165;69,75;1
4500655585;2;24919993003;7,91E+12;Sandalia MINI MELISSA POSSESSION FAI, 19;ROSA;19;33684;GRENDENE S A;21086205;AE165;69,75;1
4500655585;4;24919993005;7,91E+12;Sandalia MINI MELISSA POSSESSION, 20/21;ROSA;20/21;33684;GRENDENE S A;21086205;AE165;69,75;1
4500655585;6;24919993002;7,91E+12;Sandalia MINI MELISSA POSSESSION FAI, 22;ROSA;22;33684;GRENDENE S A;21086205;AE165;69,75;1
4500655585;6;24919993004;7,91E+12;Sandalia MINI MELISSA POSSESSION, 23/24;ROSA;23/24;33684;GRENDENE S A;21086205;AE165;69,75;1
4500655585;4;24919993001;7,91E+12;Sandalia MINI MELISSA POSSESSION FAI, 25;ROSA;25;33684;GRENDENE S A;21086205;AE165;69,75;1
4500655585;3;24919995001;7,91E+12;Sandalia MINI MELISSA POSSESSION, 17/18;LILAS;17/18;33684;GRENDENE S A;21086205;AE167;69,75;1
4500655585;3;24919995004;7,91E+12;Sandalia MINI MELISSA POSSESSION FAI, 19;LILAS;19;33684;GRENDENE S A;21086205;AE167;69,75;1
4500655585;6;24919995002;7,91E+12;Sandalia MINI MELISSA POSSESSION, 20/21;LILAS;20/21;33684;GRENDENE S A;21086205;AE167;69,75;1
4500655585;9;24919995005;7,91E+12;Sandalia MINI MELISSA POSSESSION FAI, 22;LILAS;22;33684;GRENDENE S A;21086205;AE167;69,75;1
4500655585;9;24919995003;7,91E+12;Sandalia MINI MELISSA POSSESSION, 23/24;LILAS;23/24;33684;GRENDENE S A;21086205;AE167;69,75;1
4500655585;6;24919995006;7,91E+12;Sandalia MINI MELISSA POSSESSION FAI, 25;LILAS;25;33684;GRENDENE S A;21086205;AE167;69,75;1
4500655585;2;18869473001;7,91E+12;Sandalia MEL VIXEN INF, 28;ROSA;28;32503;GRENDENE S A;21086205;50485;116,25;1
4500655585;2;18869473002;7,91E+12;Sandalia MEL VIXEN INF, 29;ROSA;29;32503;GRENDENE S A;21086205;50485;116,25;1
4500655585;2;18869473003;7,91E+12;Sandalia MEL VIXEN INF, 30;ROSA;30;32503;GRENDENE S A;21086205;50485;116,25;1
4500655585;2;18869473004;7,91E+12;Sandalia MEL VIXEN INF, 31;ROSA;31;32503;GRENDENE S A;21086205;50485;116,25;1
4500655585;2;18869473005;7,91E+12;Sandalia MEL VIXEN INF, 32;ROSA;32;32503;GRENDENE S A;21086205;50485;116,25;1
4500655585;2;18869473006;7,91E+12;Sandalia MEL VIXEN INF, 33;ROSA;33;32503;GRENDENE S A;21086205;50485;116,25;1
4500655585;2;18869475001;7,91E+12;Sandalia MEL VIXEN INF, 28;ROSA;28;32503;GRENDENE S A;21086205;52854;116,25;1
4500655585;2;18869475002;7,91E+12;Sandalia MEL VIXEN INF, 29;ROSA;29;32503;GRENDENE S A;21086205;52854;116,25;1
4500655585;2;18869475003;7,91E+12;Sandalia MEL VIXEN INF, 30;ROSA;30;32503;GRENDENE S A;21086205;52854;116,25;1
4500655585;2;18869475004;7,91E+12;Sandalia MEL VIXEN INF, 31;ROSA;31;32503;GRENDENE S A;21086205;52854;116,25;1
4500655585;2;18869475005;7,91E+12;Sandalia MEL VIXEN INF, 32;ROSA;32;32503;GRENDENE S A;21086205;52854;116,25;1
4500655585;2;18869475006;7,91E+12;Sandalia MEL VIXEN INF, 33;ROSA;33;32503;GRENDENE S A;21086205;52854;116,25;1
4500655585;1;25205434006;7,91E+12;Sandalia MINI MELISSA HARMONIC STARS, 28;BEGE;28;33574;GRENDENE S A;21086205;AE595;63,94;1
4500655585;1;25205434005;7,91E+12;Sandalia MINI MELISSA HARMONIC STARS, 29;BEGE;29;33574;GRENDENE S A;21086205;AE595;63,94;1
4500655585;1;25205434004;7,91E+12;Sandalia MINI MELISSA HARMONIC STARS, 30;BEGE;30;33574;GRENDENE S A;21086205;AE595;63,94;1
4500655585;1;25205434003;7,91E+12;Sandalia MINI MELISSA HARMONIC STARS, 31;BEGE;31;33574;GRENDENE S A;21086205;AE595;63,94;1
4500655585;1;25205434002;7,91E+12;Sandalia MINI MELISSA HARMONIC STARS, 32;BEGE;32;33574;GRENDENE S A;21086205;AE595;63,94;1
4500655585;1;25205434001;7,91E+12;Sandalia MINI MELISSA HARMONIC STARS, 33;BEGE;33;33574;GRENDENE S A;21086205;AE595;63,94;1
4500655585;3;25205433002;7,91E+12;Sandalia MINI MELISSA HARMONIC STARS, 28;PRETO;28;33574;GRENDENE S A;21086205;AE594;63,94;1
4500655585;3;25205433003;7,91E+12;Sandalia MINI MELISSA HARMONIC STARS, 29;PRETO;29;33574;GRENDENE S A;21086205;AE594;63,94;1
4500655585;3;25205433004;7,91E+12;Sandalia MINI MELISSA HARMONIC STARS, 30;PRETO;30;33574;GRENDENE S A;21086205;AE594;63,94;1
4500655585;3;25205433005;7,91E+12;Sandalia MINI MELISSA HARMONIC STARS, 31;PRETO;31;33574;GRENDENE S A;21086205;AE594;63,94;1
4500655585;3;25205433006;7,91E+12;Sandalia MINI MELISSA HARMONIC STARS, 32;PRETO;32;33574;GRENDENE S A;21086205;AE594;63,94;1
4500655585;3;25205433007;7,91E+12;Sandalia MINI MELISSA HARMONIC STARS, 33;PRETO;33;33574;GRENDENE S A;21086205;AE594;63,94;1
4500655585;1;25205436006;7,91E+12;Sandalia MINI MELISSA HARMONIC STARS, 28;VERDE;28;33574;GRENDENE S A;21086205;AE597;63,94;1
4500655585;1;25205436005;7,91E+12;Sandalia MINI MELISSA HARMONIC STARS, 29;VERDE;29;33574;GRENDENE S A;21086205;AE597;63,94;1
4500655585;1;25205436004;7,91E+12;Sandalia MINI MELISSA HARMONIC STARS, 30;VERDE;30;33574;GRENDENE S A;21086205;AE597;63,94;1
4500655585;1;25205436003;7,91E+12;Sandalia MINI MELISSA HARMONIC STARS, 31;VERDE;31;33574;GRENDENE S A;21086205;AE597;63,94;1
4500655585;1;25205436002;7,91E+12;Sandalia MINI MELISSA HARMONIC STARS, 32;VERDE;32;33574;GRENDENE S A;21086205;AE597;63,94;1
4500655585;1;25205436001;7,91E+12;Sandalia MINI MELISSA HARMONIC STARS, 33;VERDE;33;33574;GRENDENE S A;21086205;AE597;63,94;1
4500655585;4;24919938007;7,91E+12;Sandalia MINI MELISSA SUNNY BB, 25;ROSA;25;33580;GRENDENE S A;21086205;AD266;58,12;1
4500655585;6;24919938004;7,91E+12;Sandalia MINI MELISSA SUNNY BB, 26/27;ROSA;26/27;33580;GRENDENE S A;21086205;AD266;58,12;1
4500655585;6;24919938008;7,91E+12;Sandalia MINI MELISSA SUNNY BB, 28;ROSA;28;33580;GRENDENE S A;21086205;AD266;58,12;1
4500655585;1;24919935001;7,91E+12;Sandalia MINI MELISSA SUNNY BB, 17/18;PRETO;17/18;33580;GRENDENE S A;21086205;AB091;58,12;1
4500655585;1;24919935005;7,91E+12;Sandalia MINI MELISSA SUNNY BB, 19;PRETO;19;33580;GRENDENE S A;21086205;AB091;58,12;1
4500655585;2;24919935002;7,91E+12;Sandalia MINI MELISSA SUNNY BB, 20/21;PRETO;20/21;33580;GRENDENE S A;21086205;AB091;58,12;1
4500655585;3;24919935006;7,91E+12;Sandalia MINI MELISSA SUNNY BB, 22;PRETO;22;33580;GRENDENE S A;21086205;AB091;58,12;1
4500655585;3;24919935003;7,91E+12;Sandalia MINI MELISSA SUNNY BB, 23/24;PRETO;23/24;33580;GRENDENE S A;21086205;AB091;58,12;1
4500655585;2;24919935007;7,91E+12;Sandalia MINI MELISSA SUNNY BB, 25;PRETO;25;33580;GRENDENE S A;21086205;AB091;58,12;1
4500655585;3;24919935004;7,91E+12;Sandalia MINI MELISSA SUNNY BB, 26/27;PRETO;26/27;33580;GRENDENE S A;21086205;AB091;58,12;1
4500655585;3;24919935008;7,91E+12;Sandalia MINI MELISSA SUNNY BB, 28;PRETO;28;33580;GRENDENE S A;21086205;AB091;58,12;1
4500655585;2;24919936001;7,91E+12;Sandalia MINI MELISSA SUNNY BB, 17/18;ROSA;17/18;33580;GRENDENE S A;21086205;AB093;58,12;1
4500655585;2;24919936005;7,91E+12;Sandalia MINI MELISSA SUNNY BB, 19;ROSA;19;33580;GRENDENE S A;21086205;AB093;58,12;1
4500655585;4;24919936002;7,91E+12;Sandalia MINI MELISSA SUNNY BB, 20/21;ROSA;20/21;33580;GRENDENE S A;21086205;AB093;58,12;1
4500655585;6;24919936006;7,91E+12;Sandalia MINI MELISSA SUNNY BB, 22;ROSA;22;33580;GRENDENE S A;21086205;AB093;58,12;1
4500655585;6;24919936003;7,91E+12;Sandalia MINI MELISSA SUNNY BB, 23/24;ROSA;23/24;33580;GRENDENE S A;21086205;AB093;58,12;1
4500655585;4;24919936007;7,91E+12;Sandalia MINI MELISSA SUNNY BB, 25;ROSA;25;33580;GRENDENE S A;21086205;AB093;58,12;1
4500655585;6;24919936004;7,91E+12;Sandalia MINI MELISSA SUNNY BB, 26/27;ROSA;26/27;33580;GRENDENE S A;21086205;AB093;58,12;1
4500655585;6;24919936008;7,91E+12;Sandalia MINI MELISSA SUNNY BB, 28;ROSA;28;33580;GRENDENE S A;21086205;AB093;58,12;1
4500655585;3;25205128008;7,91E+12;Chinelo MINI MELISSA SUNDAY BB, 17/18;PRETO;17/18;33581;GRENDENE S A;21086205;AB128;87,19;1
4500655585;3;25205128004;7,91E+12;Chinelo MINI MELISSA SUNDAY BB, 19;PRETO;19;33581;GRENDENE S A;21086205;AB128;87,19;1
4500655585;6;25205128007;7,91E+12;Chinelo MINI MELISSA SUNDAY BB, 20/21;PRETO;20/21;33581;GRENDENE S A;21086205;AB128;87,19;1
4500655585;9;25205128003;7,91E+12;Chinelo MINI MELISSA SUNDAY BB, 22;PRETO;22;33581;GRENDENE S A;21086205;AB128;87,19;1
4500655585;9;25205128006;7,91E+12;Chinelo MINI MELISSA SUNDAY BB, 23/24;PRETO;23/24;33581;GRENDENE S A;21086205;AB128;87,19;1
4500655585;6;25205128002;7,91E+12;Chinelo MINI MELISSA SUNDAY BB, 25;PRETO;25;33581;GRENDENE S A;21086205;AB128;87,19;1
4500655585;6;25205128005;7,91E+12;Chinelo MINI MELISSA SUNDAY BB, 26/27;PRETO;26/27;33581;GRENDENE S A;21086205;AB128;87,19;1
4500655585;6;25205128001;7,91E+12;Chinelo MINI MELISSA SUNDAY BB, 28;PRETO;28;33581;GRENDENE S A;21086205;AB128;87,19;1
4500655585;4;25205129001;7,91E+12;Chinelo MINI MELISSA SUNDAY BB, 17/18;ROSA;17/18;33581;GRENDENE S A;21086205;AB130;87,19;1
4500655585;4;25205129005;7,91E+12;Chinelo MINI MELISSA SUNDAY BB, 19;ROSA;19;33581;GRENDENE S A;21086205;AB130;87,19;1
4500655585;8;25205129002;7,91E+12;Chinelo MINI MELISSA SUNDAY BB, 20/21;ROSA;20/21;33581;GRENDENE S A;21086205;AB130;87,19;1
4500655585;12;25205129006;7,91E+12;Chinelo MINI MELISSA SUNDAY BB, 22;ROSA;22;33581;GRENDENE S A;21086205;AB130;87,19;1
4500655585;12;25205129003;7,91E+12;Chinelo MINI MELISSA SUNDAY BB, 23/24;ROSA;23/24;33581;GRENDENE S A;21086205;AB130;87,19;1
4500655585;8;25205129007;7,91E+12;Chinelo MINI MELISSA SUNDAY BB, 25;ROSA;25;33581;GRENDENE S A;21086205;AB130;87,19;1
4500655585;9;25205129004;7,91E+12;Chinelo MINI MELISSA SUNDAY BB, 26/27;ROSA;26/27;33581;GRENDENE S A;21086205;AB130;87,19;1
4500655585;9;25205129008;7,91E+12;Chinelo MINI MELISSA SUNDAY BB, 28;ROSA;28;33581;GRENDENE S A;21086205;AB130;87,19;1
4500655585;3;25205127001;7,91E+12;Chinelo MINI MELISSA SUNDAY BB, 17/18;LARANJA;17/18;33581;GRENDENE S A;21086205;AB127;87,19;1
4500655585;3;25205127005;7,91E+12;Chinelo MINI MELISSA SUNDAY BB, 19;LARANJA;19;33581;GRENDENE S A;21086205;AB127;87,19;1
4500655585;6;25205127002;7,91E+12;Chinelo MINI MELISSA SUNDAY BB, 20/21;LARANJA;20/21;33581;GRENDENE S A;21086205;AB127;87,19;1
4500655585;9;25205127006;7,91E+12;Chinelo MINI MELISSA SUNDAY BB, 22;LARANJA;22;33581;GRENDENE S A;21086205;AB127;87,19;1
4500655585;9;25205127003;7,91E+12;Chinelo MINI MELISSA SUNDAY BB, 23/24;LARANJA;23/24;33581;GRENDENE S A;21086205;AB127;87,19;1
4500655585;6;25205127007;7,91E+12;Chinelo MINI MELISSA SUNDAY BB, 25;LARANJA;25;33581;GRENDENE S A;21086205;AB127;87,19;1
4500655585;6;25205127004;7,91E+12;Chinelo MINI MELISSA SUNDAY BB, 26/27;LARANJA;26/27;33581;GRENDENE S A;21086205;AB127;87,19;1
4500655585;6;25205127008;7,91E+12;Chinelo MINI MELISSA SUNDAY BB, 28;LARANJA;28;33581;GRENDENE S A;21086205;AB127;87,19;1
4500655585;1;25205126001;7,91E+12;Chinelo MINI MELISSA SUNDAY BB, 17/18;VERDE;17/18;33581;GRENDENE S A;21086205;AB126;87,19;1
4500655585;1;25205126005;7,91E+12;Chinelo MINI MELISSA SUNDAY BB, 19;VERDE;19;33581;GRENDENE S A;21086205;AB126;87,19;1
4500655585;2;25205126002;7,91E+12;Chinelo MINI MELISSA SUNDAY BB, 20/21;VERDE;20/21;33581;GRENDENE S A;21086205;AB126;87,19;1
4500655585;3;25205126006;7,91E+12;Chinelo MINI MELISSA SUNDAY BB, 22;VERDE;22;33581;GRENDENE S A;21086205;AB126;87,19;1
4500655585;3;25205126003;7,91E+12;Chinelo MINI MELISSA SUNDAY BB, 23/24;VERDE;23/24;33581;GRENDENE S A;21086205;AB126;87,19;1
4500655585;2;25205126007;7,91E+12;Chinelo MINI MELISSA SUNDAY BB, 25;VERDE;25;33581;GRENDENE S A;21086205;AB126;87,19;1
4500655585;3;25205126004;7,91E+12;Chinelo MINI MELISSA SUNDAY BB, 26/27;VERDE;26/27;33581;GRENDENE S A;21086205;AB126;87,19;1
4500655585;3;25205126008;7,91E+12;Chinelo MINI MELISSA SUNDAY BB, 28;VERDE;28;33581;GRENDENE S A;21086205;AB126;87,19;1
4500655585;2;24048623008;7,91E+12;SAPATILHA MINI MELISSA ULTRAGIRL, 17/18;ROSA;17/18;32849;GRENDENE S A;21086205;AB671;69,75;1
4500655585;2;24048623004;7,91E+12;SAPATILHA MINI MELISSA ULTRAGIRL FLY, 19;ROSA;19;32849;GRENDENE S A;21086205;AB671;69,75;1
4500655585;4;24048623007;7,91E+12;SAPATILHA MINI MELISSA ULTRAGIRL, 20/21;ROSA;20/21;32849;GRENDENE S A;21086205;AB671;69,75;1
4500655585;6;24048623003;7,91E+12;SAPATILHA MINI MELISSA ULTRAGIRL FLY, 22;ROSA;22;32849;GRENDENE S A;21086205;AB671;69,75;1
4500655585;6;24048623006;7,91E+12;SAPATILHA MINI MELISSA ULTRAGIRL, 23/24;ROSA;23/24;32849;GRENDENE S A;21086205;AB671;69,75;1
4500655585;4;24048623002;7,91E+12;SAPATILHA MINI MELISSA ULTRAGIRL FLY, 25;ROSA;25;32849;GRENDENE S A;21086205;AB671;69,75;1
4500655585;6;24048623005;7,91E+12;SAPATILHA MINI MELISSA ULTRAGIRL, 26/27;ROSA;26/27;32849;GRENDENE S A;21086205;AB671;69,75;1
4500655585;6;24048623001;7,91E+12;SAPATILHA MINI MELISSA ULTRAGIRL FLY, 28;ROSA;28;32849;GRENDENE S A;21086205;AB671;69,75;1
4500655585;1;24048620001;7,91E+12;SAPATILHA MINI MELISSA ULTRAGIRL, 17/18;DOURADO;17/18;32849;GRENDENE S A;21086205;AB663;69,75;1
4500655585;1;24048620005;7,91E+12;SAPATILHA MINI MELISSA ULTRAGIRL FLY, 19;DOURADO;19;32849;GRENDENE S A;21086205;AB663;69,75;1
4500655585;2;24048620002;7,91E+12;SAPATILHA MINI MELISSA ULTRAGIRL, 20/21;DOURADO;20/21;32849;GRENDENE S A;21086205;AB663;69,75;1
4500655585;3;24048620006;7,91E+12;SAPATILHA MINI MELISSA ULTRAGIRL FLY, 22;DOURADO;22;32849;GRENDENE S A;21086205;AB663;69,75;1
4500655585;3;24048620003;7,91E+12;SAPATILHA MINI MELISSA ULTRAGIRL, 23/24;DOURADO;23/24;32849;GRENDENE S A;21086205;AB663;69,75;1
4500655585;2;24048620007;7,91E+12;SAPATILHA MINI MELISSA ULTRAGIRL FLY, 25;DOURADO;25;32849;GRENDENE S A;21086205;AB663;69,75;1
4500655585;3;24048620004;7,91E+12;SAPATILHA MINI MELISSA ULTRAGIRL, 26/27;DOURADO;26/27;32849;GRENDENE S A;21086205;AB663;69,75;1
4500655585;3;24048620008;7,91E+12;SAPATILHA MINI MELISSA ULTRAGIRL FLY, 28;DOURADO;28;32849;GRENDENE S A;21086205;AB663;69,75;1
4500655585;1;24048622001;7,91E+12;SAPATILHA MINI MELISSA ULTRAGIRL, 17/18;LILAS;17/18;32849;GRENDENE S A;21086205;AB670;69,75;1
4500655585;1;24048622005;7,91E+12;SAPATILHA MINI MELISSA ULTRAGIRL FLY, 19;LILAS;19;32849;GRENDENE S A;21086205;AB670;69,75;1
4500655585;2;24048622002;7,91E+12;SAPATILHA MINI MELISSA ULTRAGIRL, 20/21;LILAS;20/21;32849;GRENDENE S A;21086205;AB670;69,75;1
4500655585;3;24048622006;7,91E+12;SAPATILHA MINI MELISSA ULTRAGIRL FLY, 22;LILAS;22;32849;GRENDENE S A;21086205;AB670;69,75;1
4500655585;3;24048622003;7,91E+12;SAPATILHA MINI MELISSA ULTRAGIRL, 23/24;LILAS;23/24;32849;GRENDENE S A;21086205;AB670;69,75;1
4500655585;2;24048622007;7,91E+12;SAPATILHA MINI MELISSA ULTRAGIRL FLY, 25;LILAS;25;32849;GRENDENE S A;21086205;AB670;69,75;1
4500655585;3;24048622004;7,91E+12;SAPATILHA MINI MELISSA ULTRAGIRL, 26/27;LILAS;26/27;32849;GRENDENE S A;21086205;AB670;69,75;1
4500655585;3;24048622008;7,91E+12;SAPATILHA MINI MELISSA ULTRAGIRL FLY, 28;LILAS;28;32849;GRENDENE S A;21086205;AB670;69,75;1
4500655585;3;25205462006;7,91E+12;Chinelo MINI MELISSA CLOUD SLIDE +, 28;ROSA;28;33629;GRENDENE S A;21086205;AC175;104,63;1
4500655585;3;25205462005;7,91E+12;Chinelo MINI MELISSA CLOUD SLIDE +, 29;ROSA;29;33629;GRENDENE S A;21086205;AC175;104,63;1
4500655585;3;25205462004;7,91E+12;Chinelo MINI MELISSA CLOUD SLIDE +, 30;ROSA;30;33629;GRENDENE S A;21086205;AC175;104,63;1
4500655585;3;25205462003;7,91E+12;Chinelo MINI MELISSA CLOUD SLIDE +, 31;ROSA;31;33629;GRENDENE S A;21086205;AC175;104,63;1
4500655585;3;25205462002;7,91E+12;Chinelo MINI MELISSA CLOUD SLIDE +, 32;ROSA;32;33629;GRENDENE S A;21086205;AC175;104,63;1
4500655585;3;25205462001;7,91E+12;Chinelo MINI MELISSA CLOUD SLIDE +, 33;ROSA;33;33629;GRENDENE S A;21086205;AC175;104,63;1
4500655585;3;25205461002;7,91E+12;Chinelo MINI MELISSA CLOUD SLIDE +, 28;MULTICOLORIDO;28;33629;GRENDENE S A;21086205;AC174;104,63;1
4500655585;3;25205461003;7,91E+12;Chinelo MINI MELISSA CLOUD SLIDE +, 29;MULTICOLORIDO;29;33629;GRENDENE S A;21086205;AC174;104,63;1
4500655585;3;25205461004;7,91E+12;Chinelo MINI MELISSA CLOUD SLIDE +, 30;MULTICOLORIDO;30;33629;GRENDENE S A;21086205;AC174;104,63;1
4500655585;3;25205461005;7,91E+12;Chinelo MINI MELISSA CLOUD SLIDE +, 31;MULTICOLORIDO;31;33629;GRENDENE S A;21086205;AC174;104,63;1
4500655585;3;25205461006;7,91E+12;Chinelo MINI MELISSA CLOUD SLIDE +, 32;MULTICOLORIDO;32;33629;GRENDENE S A;21086205;AC174;104,63;1
4500655585;3;25205461007;7,91E+12;Chinelo MINI MELISSA CLOUD SLIDE +, 33;MULTICOLORIDO;33;33629;GRENDENE S A;21086205;AC174;104,63;1
4500655585;1;25208983001;7,91E+12;Chinelo MINI MELISSA CLOUD SLIDE +, 28;VERDE;28;33629;GRENDENE S A;21086205;AC177;104,63;1
4500655585;1;25208983002;7,91E+12;Chinelo MINI MELISSA CLOUD SLIDE +, 29;VERDE;29;33629;GRENDENE S A;21086205;AC177;104,63;1
4500655585;1;25208983003;7,91E+12;Chinelo MINI MELISSA CLOUD SLIDE +, 30;VERDE;30;33629;GRENDENE S A;21086205;AC177;104,63;1
4500655585;1;25208983004;7,91E+12;Chinelo MINI MELISSA CLOUD SLIDE +, 31;VERDE;31;33629;GRENDENE S A;21086205;AC177;104,63;1
4500655585;1;25208983005;7,91E+12;Chinelo MINI MELISSA CLOUD SLIDE +, 32;VERDE;32;33629;GRENDENE S A;21086205;AC177;104,63;1
4500655585;1;25208983006;7,91E+12;Chinelo MINI MELISSA CLOUD SLIDE +, 33;VERDE;33;33629;GRENDENE S A;21086205;AC177;104,63;1
4500655585;3;25205463002;7,91E+12;Chinelo MINI MELISSA CLOUD SLIDE +, 28;LILAS;28;33629;GRENDENE S A;21086205;AC176;104,63;1
4500655585;3;25205463003;7,91E+12;Chinelo MINI MELISSA CLOUD SLIDE +, 29;LILAS;29;33629;GRENDENE S A;21086205;AC176;104,63;1
4500655585;3;25205463004;7,91E+12;Chinelo MINI MELISSA CLOUD SLIDE +, 30;LILAS;30;33629;GRENDENE S A;21086205;AC176;104,63;1
4500655585;3;25205463005;7,91E+12;Chinelo MINI MELISSA CLOUD SLIDE +, 31;LILAS;31;33629;GRENDENE S A;21086205;AC176;104,63;1
4500655585;3;25205463006;7,91E+12;Chinelo MINI MELISSA CLOUD SLIDE +, 32;LILAS;32;33629;GRENDENE S A;21086205;AC176;104,63;1
4500655585;3;25205463007;7,91E+12;Chinelo MINI MELISSA CLOUD SLIDE +, 33;LILAS;33;33629;GRENDENE S A;21086205;AC176;104,63;1
4500655585;1;25205407008;7,91E+12;Chinelo MINI MELISSA CLOUD SANDAL, 17/18;VERDE;17/18;33628;GRENDENE S A;21086205;AC246;93;1
4500655585;1;25205407004;7,91E+12;Chinelo MINI MELISSA CLOUD SANDAL +, 19;VERDE;19;33628;GRENDENE S A;21086205;AC246;93;1
4500655585;2;25205407007;7,91E+12;Chinelo MINI MELISSA CLOUD SANDAL, 20/21;VERDE;20/21;33628;GRENDENE S A;21086205;AC246;93;1
4500655585;3;25205407003;7,91E+12;Chinelo MINI MELISSA CLOUD SANDAL +, 22;VERDE;22;33628;GRENDENE S A;21086205;AC246;93;1
4500655585;3;25205407006;7,91E+12;Chinelo MINI MELISSA CLOUD SANDAL, 23/24;VERDE;23/24;33628;GRENDENE S A;21086205;AC246;93;1
4500655585;2;25205407002;7,91E+12;Chinelo MINI MELISSA CLOUD SANDAL +, 25;VERDE;25;33628;GRENDENE S A;21086205;AC246;93;1
4500655585;3;25205407005;7,91E+12;Chinelo MINI MELISSA CLOUD SANDAL, 26/27;VERDE;26/27;33628;GRENDENE S A;21086205;AC246;93;1
4500655585;3;25205407001;7,91E+12;Chinelo MINI MELISSA CLOUD SANDAL +, 28;VERDE;28;33628;GRENDENE S A;21086205;AC246;93;1
4500655585;3;25205405001;7,91E+12;Chinelo MINI MELISSA CLOUD SANDAL, 17/18;ROSA;17/18;33628;GRENDENE S A;21086205;AC236;93;1
4500655585;3;25205405005;7,91E+12;Chinelo MINI MELISSA CLOUD SANDAL +, 19;ROSA;19;33628;GRENDENE S A;21086205;AC236;93;1
4500655585;6;25205405002;7,91E+12;Chinelo MINI MELISSA CLOUD SANDAL, 20/21;ROSA;20/21;33628;GRENDENE S A;21086205;AC236;93;1
4500655585;9;25205405006;7,91E+12;Chinelo MINI MELISSA CLOUD SANDAL +, 22;ROSA;22;33628;GRENDENE S A;21086205;AC236;93;1
4500655585;1;18869447002;7,91E+12;Sandalia MEL FLOX INF, 32/33;PRETO;32/33;31735;GRENDENE S A;21086205;1003;81,38;1
4500655585;1;25205400006;7,91E+12;Galocha MINI MELISSA RAIN BOOT II, 17/18;ROSA;17/18;33615;GRENDENE S A;21086205;AB198;116,25;1
4500655585;1;25205400003;7,91E+12;Galocha MINI MELISSA RAIN BOOT III B, 19;ROSA;19;33615;GRENDENE S A;21086205;AB198;116,25;1
4500655585;2;25205400005;7,91E+12;Galocha MINI MELISSA RAIN BOOT II, 20/21;ROSA;20/21;33615;GRENDENE S A;21086205;AB198;116,25;1
4500655585;3;25205400002;7,91E+12;Galocha MINI MELISSA RAIN BOOT III B, 22;ROSA;22;33615;GRENDENE S A;21086205;AB198;116,25;1
4500655585;3;25205400004;7,91E+12;Galocha MINI MELISSA RAIN BOOT II, 23/24;ROSA;23/24;33615;GRENDENE S A;21086205;AB198;116,25;1
4500655585;2;25205400001;7,91E+12;Galocha MINI MELISSA RAIN BOOT III B, 25;ROSA;25;33615;GRENDENE S A;21086205;AB198;116,25;1
4500655585;2;25205403001;7,91E+12;Galocha MINI MELISSA RAIN BOOT II, 17/18;ROSA;17/18;33615;GRENDENE S A;21086205;AB206;116,25;1
4500655585;2;25205403004;7,91E+12;Galocha MINI MELISSA RAIN BOOT III B, 19;ROSA;19;33615;GRENDENE S A;21086205;AB206;116,25;1
4500655585;4;25205403002;7,91E+12;Galocha MINI MELISSA RAIN BOOT II, 20/21;ROSA;20/21;33615;GRENDENE S A;21086205;AB206;116,25;1
4500655585;6;25205403005;7,91E+12;Galocha MINI MELISSA RAIN BOOT III B, 22;ROSA;22;33615;GRENDENE S A;21086205;AB206;116,25;1
4500655585;6;25205403003;7,91E+12;Galocha MINI MELISSA RAIN BOOT II, 23/24;ROSA;23/24;33615;GRENDENE S A;21086205;AB206;116,25;1
4500655585;4;25205403006;7,91E+12;Galocha MINI MELISSA RAIN BOOT III B, 25;ROSA;25;33615;GRENDENE S A;21086205;AB206;116,25;1
4500655585;1;25205401001;7,91E+12;Galocha MINI MELISSA RAIN BOOT II, 17/18;VERDE;17/18;33615;GRENDENE S A;21086205;AB202;116,25;1
4500655585;2;25205401004;7,91E+12;Galocha MINI MELISSA RAIN BOOT III B, 19;VERDE;19;33615;GRENDENE S A;21086205;AB202;116,25;1
4500655585;3;25205401002;7,91E+12;Galocha MINI MELISSA RAIN BOOT II, 20/21;VERDE;20/21;33615;GRENDENE S A;21086205;AB202;116,25;1
4500655585;3;25205401005;7,91E+12;Galocha MINI MELISSA RAIN BOOT III B, 22;VERDE;22;33615;GRENDENE S A;21086205;AB202;116,25;1
4500655585;2;25205401003;7,91E+12;Galocha MINI MELISSA RAIN BOOT II, 23/24;VERDE;23/24;33615;GRENDENE S A;21086205;AB202;116,25;1
4500655585;1;25205401006;7,91E+12;Galocha MINI MELISSA RAIN BOOT III B, 25;VERDE;25;33615;GRENDENE S A;21086205;AB202;116,25;1
4500655585;2;25205402006;7,91E+12;Galocha MINI MELISSA RAIN BOOT II, 17/18;PRETO;17/18;33615;GRENDENE S A;21086205;AB203;116,25;1
4500655585;2;25205402003;7,91E+12;Galocha MINI MELISSA RAIN BOOT III B, 19;PRETO;19;33615;GRENDENE S A;21086205;AB203;116,25;1
4500655585;4;25205402005;7,91E+12;Galocha MINI MELISSA RAIN BOOT II, 20/21;PRETO;20/21;33615;GRENDENE S A;21086205;AB203;116,25;1
4500655585;6;25205402002;7,91E+12;Galocha MINI MELISSA RAIN BOOT III B, 22;PRETO;22;33615;GRENDENE S A;21086205;AB203;116,25;1
4500655585;6;25205402004;7,91E+12;Galocha MINI MELISSA RAIN BOOT II, 23/24;PRETO;23/24;33615;GRENDENE S A;21086205;AB203;116,25;1
4500655585;4;25205402001;7,91E+12;Galocha MINI MELISSA RAIN BOOT III B, 25;PRETO;25;33615;GRENDENE S A;21086205;AB203;116,25;1
4500655585;4;24048724007;7,91E+12;Sandalia MINI MELISSA POSSESSION, 26/27;PRATA;26/27;33521;GRENDENE S A;21086205;54137;87,19;1
4500655585;4;24048724006;7,91E+12;Sandalia MINI MELISSA POSSESSION SHI, 28;PRATA;28;33521;GRENDENE S A;21086205;54137;87,19;1
4500655585;4;24048724005;7,91E+12;Sandalia MINI MELISSA POSSESSION SHI, 29;PRATA;29;33521;GRENDENE S A;21086205;54137;87,19;1
4500655585;4;24048724004;7,91E+12;Sandalia MINI MELISSA POSSESSION SHI, 30;PRATA;30;33521;GRENDENE S A;21086205;54137;87,19;1
4500655585;4;24048724003;7,91E+12;Sandalia MINI MELISSA POSSESSION SHI, 31;PRATA;31;33521;GRENDENE S A;21086205;54137;87,19;1
4500655585;2;24048724002;7,91E+12;Sandalia MINI MELISSA POSSESSION SHI, 32;PRATA;32;33521;GRENDENE S A;21086205;54137;87,19;1
4500655585;2;24048724001;7,91E+12;Sandalia MINI MELISSA POSSESSION SHI, 33;PRATA;33;33521;GRENDENE S A;21086205;54137;87,19;1
4500655585;2;24048725001;7,91E+12;Sandalia MINI MELISSA POSSESSION, 26/27;COBRE;26/27;33521;GRENDENE S A;21086205;54138;87,19;1
4500655585;2;24048725002;7,91E+12;Sandalia MINI MELISSA POSSESSION SHI, 28;COBRE;28;33521;GRENDENE S A;21086205;54138;87,19;1
4500655585;2;24048725003;7,91E+12;Sandalia MINI MELISSA POSSESSION SHI, 29;COBRE;29;33521;GRENDENE S A;21086205;54138;87,19;1
4500655585;2;24048725004;7,91E+12;Sandalia MINI MELISSA POSSESSION SHI, 30;COBRE;30;33521;GRENDENE S A;21086205;54138;87,19;1
4500655585;2;24048725005;7,91E+12;Sandalia MINI MELISSA POSSESSION SHI, 31;COBRE;31;33521;GRENDENE S A;21086205;54138;87,19;1
4500655585;1;24048725006;7,91E+12;Sandalia MINI MELISSA POSSESSION SHI, 32;COBRE;32;33521;GRENDENE S A;21086205;54138;87,19;1
4500655585;1;24048725007;7,91E+12;Sandalia MINI MELISSA POSSESSION SHI, 33;COBRE;33;33521;GRENDENE S A;21086205;54138;87,19;1
4500655585;1;24048696006;7,91E+12;Sandalia MINI MELISSA POSSESSION, 17/18;ROSA;17/18;33522;GRENDENE S A;21086205;54140;63,94;1
4500655585;1;24048696003;7,91E+12;Sandalia MINI MELISSA POSSESSION SHI, 19;ROSA;19;33522;GRENDENE S A;21086205;54140;63,94;1
4500655585;2;24048696005;7,91E+12;Sandalia MINI MELISSA POSSESSION, 20/21;ROSA;20/21;33522;GRENDENE S A;21086205;54140;63,94;1
4500655585;3;24048696002;7,91E+12;Sandalia MINI MELISSA POSSESSION SHI, 22;ROSA;22;33522;GRENDENE S A;21086205;54140;63,94;1
4500655585;3;24048696004;7,91E+12;Sandalia MINI MELISSA POSSESSION, 23/24;ROSA;23/24;33522;GRENDENE S A;21086205;54140;63,94;1
4500655585;2;24048696001;7,91E+12;Sandalia MINI MELISSA POSSESSION SHI, 25;ROSA;25;33522;GRENDENE S A;21086205;54140;63,94;1
4500655585;1;24048693001;7,91E+12;Sandalia MINI MELISSA POSSESSION, 17/18;PRATA;17/18;33522;GRENDENE S A;21086205;54137;63,94;1
4500655585;1;24048693004;7,91E+12;Sandalia MINI MELISSA POSSESSION SHI, 19;PRATA;19;33522;GRENDENE S A;21086205;54137;63,94;1
4500655585;2;24048693002;7,91E+12;Sandalia MINI MELISSA POSSESSION, 20/21;PRATA;20/21;33522;GRENDENE S A;21086205;54137;63,94;1
4500655585;3;24048693005;7,91E+12;Sandalia MINI MELISSA POSSESSION SHI, 22;PRATA;22;33522;GRENDENE S A;21086205;54137;63,94;1
4500655585;3;24048693003;7,91E+12;Sandalia MINI MELISSA POSSESSION, 23/24;PRATA;23/24;33522;GRENDENE S A;21086205;54137;63,94;1
4500655585;2;24048693006;7,91E+12;Sandalia MINI MELISSA POSSESSION SHI, 25;PRATA;25;33522;GRENDENE S A;21086205;54137;63,94;1
4500655585;1;24048694006;7,91E+12;Sandalia MINI MELISSA POSSESSION, 17/18;COBRE;17/18;33522;GRENDENE S A;21086205;54138;63,94;1
4500655585;1;24048694003;7,91E+12;Sandalia MINI MELISSA POSSESSION SHI, 19;COBRE;19;33522;GRENDENE S A;21086205;54138;63,94;1
4500655585;2;24048694005;7,91E+12;Sandalia MINI MELISSA POSSESSION, 20/21;COBRE;20/21;33522;GRENDENE S A;21086205;54138;63,94;1
4500655585;3;24048694002;7,91E+12;Sandalia MINI MELISSA POSSESSION SHI, 22;COBRE;22;33522;GRENDENE S A;21086205;54138;63,94;1
4500655585;3;24048694004;7,91E+12;Sandalia MINI MELISSA POSSESSION, 23/24;COBRE;23/24;33522;GRENDENE S A;21086205;54138;63,94;1
4500655585;2;24048694001;7,91E+12;Sandalia MINI MELISSA POSSESSION SHI, 25;COBRE;25;33522;GRENDENE S A;21086205;54138;63,94;1
4500655585;1;24048695001;7,91E+12;Sandalia MINI MELISSA POSSESSION, 17/18;AZUL;17/18;33522;GRENDENE S A;21086205;54139;63,94;1
4500655585;1;24048695004;7,91E+12;Sandalia MINI MELISSA POSSESSION SHI, 19;AZUL;19;33522;GRENDENE S A;21086205;54139;63,94;1
4500655585;2;24048695002;7,91E+12;Sandalia MINI MELISSA POSSESSION, 20/21;AZUL;20/21;33522;GRENDENE S A;21086205;54139;63,94;1
4500655585;3;24048695005;7,91E+12;Sandalia MINI MELISSA POSSESSION SHI, 22;AZUL;22;33522;GRENDENE S A;21086205;54139;63,94;1
4500655585;3;24048695003;7,91E+12;Sandalia MINI MELISSA POSSESSION, 23/24;AZUL;23/24;33522;GRENDENE S A;21086205;54139;63,94;1
4500655585;2;24048695006;7,91E+12;Sandalia MINI MELISSA POSSESSION SHI, 25;AZUL;25;33522;GRENDENE S A;21086205;54139;63,94;1
4500655585;2;24048383008;7,91E+12;sandalia MINI MELISSA MAR SANDAL, 17/18;INCOLOR;17/18;33545;GRENDENE S A;21086205;AB600;69,75;1
4500655585;2;24048383004;7,91E+12;sandalia MINI MELISSA MAR SANDAL JEL, 19;INCOLOR;19;33545;GRENDENE S A;21086205;AB600;69,75;1
4500655585;4;24048383007;7,91E+12;sandalia MINI MELISSA MAR SANDAL, 20/21;INCOLOR;20/21;33545;GRENDENE S A;21086205;AB600;69,75;1
4500655585;6;24048383003;7,91E+12;sandalia MINI MELISSA MAR SANDAL JEL, 22;INCOLOR;22;33545;GRENDENE S A;21086205;AB600;69,75;1
4500655585;6;24048383006;7,91E+12;sandalia MINI MELISSA MAR SANDAL, 23/24;INCOLOR;23/24;33545;GRENDENE S A;21086205;AB600;69,75;1
4500655585;4;24048383002;7,91E+12;sandalia MINI MELISSA MAR SANDAL JEL, 25;INCOLOR;25;33545;GRENDENE S A;21086205;AB600;69,75;1
4500655585;6;24048383005;7,91E+12;sandalia MINI MELISSA MAR SANDAL, 26/27;INCOLOR;26/27;33545;GRENDENE S A;21086205;AB600;69,75;1
4500655585;6;24048383001;7,91E+12;sandalia MINI MELISSA MAR SANDAL JEL, 28;INCOLOR;28;33545;GRENDENE S A;21086205;AB600;69,75;1
4500655585;4;24048380008;7,91E+12;sandalia MINI MELISSA MAR SANDAL, 17/18;DOURADO;17/18;33545;GRENDENE S A;21086205;AB602;69,75;1
4500655585;4;24048380004;7,91E+12;sandalia MINI MELISSA MAR SANDAL JEL, 19;DOURADO;19;33545;GRENDENE S A;21086205;AB602;69,75;1
4500655585;8;24048380007;7,91E+12;sandalia MINI MELISSA MAR SANDAL, 20/21;DOURADO;20/21;33545;GRENDENE S A;21086205;AB602;69,75;1
4500655585;12;24048380003;7,91E+12;sandalia MINI MELISSA MAR SANDAL JEL, 22;DOURADO;22;33545;GRENDENE S A;21086205;AB602;69,75;1
4500655585;12;24048380006;7,91E+12;sandalia MINI MELISSA MAR SANDAL, 23/24;DOURADO;23/24;33545;GRENDENE S A;21086205;AB602;69,75;1
4500655585;8;24048380002;7,91E+12;sandalia MINI MELISSA MAR SANDAL JEL, 25;DOURADO;25;33545;GRENDENE S A;21086205;AB602;69,75;1
4500655585;3;24048380005;7,91E+12;sandalia MINI MELISSA MAR SANDAL, 26/27;DOURADO;26/27;33545;GRENDENE S A;21086205;AB602;69,75;1
4500655585;3;24048380001;7,91E+12;sandalia MINI MELISSA MAR SANDAL JEL, 28;DOURADO;28;33545;GRENDENE S A;21086205;AB602;69,75;1
4500655585;1;24048381001;7,91E+12;sandalia MINI MELISSA MAR SANDAL, 17/18;ROSA;17/18;33545;GRENDENE S A;21086205;AB598;69,75;1
4500655585;1;24048381005;7,91E+12;sandalia MINI MELISSA MAR SANDAL JEL, 19;ROSA;19;33545;GRENDENE S A;21086205;AB598;69,75;1
4500655585;2;24048381002;7,91E+12;sandalia MINI MELISSA MAR SANDAL, 20/21;ROSA;20/21;33545;GRENDENE S A;21086205;AB598;69,75;1
4500655585;3;24048381006;7,91E+12;sandalia MINI MELISSA MAR SANDAL JEL, 22;ROSA;22;33545;GRENDENE S A;21086205;AB598;69,75;1
4500655585;3;24048381003;7,91E+12;sandalia MINI MELISSA MAR SANDAL, 23/24;ROSA;23/24;33545;GRENDENE S A;21086205;AB598;69,75;1
4500655585;2;24048381007;7,91E+12;sandalia MINI MELISSA MAR SANDAL JEL, 25;ROSA;25;33545;GRENDENE S A;21086205;AB598;69,75;1
4500655585;3;24048381004;7,91E+12;sandalia MINI MELISSA MAR SANDAL, 26/27;ROSA;26/27;33545;GRENDENE S A;21086205;AB598;69,75;1
4500655585;3;24048381008;7,91E+12;sandalia MINI MELISSA MAR SANDAL JEL, 28;ROSA;28;33545;GRENDENE S A;21086205;AB598;69,75;1
4500655585;1;24048382008;7,91E+12;sandalia MINI MELISSA MAR SANDAL, 17/18;VERDE;17/18;33545;GRENDENE S A;21086205;AB599;69,75;1
4500655585;1;24048382004;7,91E+12;sandalia MINI MELISSA MAR SANDAL JEL, 19;VERDE;19;33545;GRENDENE S A;21086205;AB599;69,75;1
4500655585;2;24048382007;7,91E+12;sandalia MINI MELISSA MAR SANDAL, 20/21;VERDE;20/21;33545;GRENDENE S A;21086205;AB599;69,75;1
4500655585;9;25205405003;7,91E+12;Chinelo MINI MELISSA CLOUD SANDAL, 23/24;ROSA;23/24;33628;GRENDENE S A;21086205;AC236;93;1
4500655585;6;25205405007;7,91E+12;Chinelo MINI MELISSA CLOUD SANDAL +, 25;ROSA;25;33628;GRENDENE S A;21086205;AC236;93;1
4500655585;9;25205405004;7,91E+12;Chinelo MINI MELISSA CLOUD SANDAL, 26/27;ROSA;26/27;33628;GRENDENE S A;21086205;AC236;93;1
4500655585;9;25205405008;7,91E+12;Chinelo MINI MELISSA CLOUD SANDAL +, 28;ROSA;28;33628;GRENDENE S A;21086205;AC236;93;1
4500655585;3;25205406008;7,91E+12;Chinelo MINI MELISSA CLOUD SANDAL, 17/18;LILAS;17/18;33628;GRENDENE S A;21086205;AC237;93;1
4500655585;3;25205406004;7,91E+12;Chinelo MINI MELISSA CLOUD SANDAL +, 19;LILAS;19;33628;GRENDENE S A;21086205;AC237;93;1
4500655585;6;25205406007;7,91E+12;Chinelo MINI MELISSA CLOUD SANDAL, 20/21;LILAS;20/21;33628;GRENDENE S A;21086205;AC237;93;1
4500655585;9;25205406003;7,91E+12;Chinelo MINI MELISSA CLOUD SANDAL +, 22;LILAS;22;33628;GRENDENE S A;21086205;AC237;93;1
4500655585;9;25205406006;7,91E+12;Chinelo MINI MELISSA CLOUD SANDAL, 23/24;LILAS;23/24;33628;GRENDENE S A;21086205;AC237;93;1
4500655585;6;25205406002;7,91E+12;Chinelo MINI MELISSA CLOUD SANDAL +, 25;LILAS;25;33628;GRENDENE S A;21086205;AC237;93;1
4500655585;9;25205406005;7,91E+12;Chinelo MINI MELISSA CLOUD SANDAL, 26/27;LILAS;26/27;33628;GRENDENE S A;21086205;AC237;93;1
4500655585;9;25205406001;7,91E+12;Chinelo MINI MELISSA CLOUD SANDAL +, 28;LILAS;28;33628;GRENDENE S A;21086205;AC237;93;1
4500655585;2;25205404008;7,91E+12;Chinelo MINI MELISSA CLOUD SANDAL, 17/18;AZUL;17/18;33628;GRENDENE S A;21086205;AC235;93;1
4500655585;2;25205404004;7,91E+12;Chinelo MINI MELISSA CLOUD SANDAL +, 19;AZUL;19;33628;GRENDENE S A;21086205;AC235;93;1
4500655585;3;25205404007;7,91E+12;Chinelo MINI MELISSA CLOUD SANDAL, 20/21;AZUL;20/21;33628;GRENDENE S A;21086205;AC235;93;1
4500655585;4;25205404003;7,91E+12;Chinelo MINI MELISSA CLOUD SANDAL +, 22;AZUL;22;33628;GRENDENE S A;21086205;AC235;93;1
4500655585;4;25205404006;7,91E+12;Chinelo MINI MELISSA CLOUD SANDAL, 23/24;AZUL;23/24;33628;GRENDENE S A;21086205;AC235;93;1
4500655585;3;25205404002;7,91E+12;Chinelo MINI MELISSA CLOUD SANDAL +, 25;AZUL;25;33628;GRENDENE S A;21086205;AC235;93;1
4500655585;2;24846330006;7,91E+12;Sandalia MINI MELISSA FLOX BB, 17/18;AZUL;17/18;31675;GRENDENE S A;21086205;AC071;63,94;1
4500655585;2;24846330003;7,91E+12;Sandalia MINI MELISSA FLOX BB, 19;AZUL;19;31675;GRENDENE S A;21086205;AC071;63,94;1
4500655585;4;24846330005;7,91E+12;Sandalia MINI MELISSA FLOX BB, 20/21;AZUL;20/21;31675;GRENDENE S A;21086205;AC071;63,94;1
4500655585;6;24846330002;7,91E+12;Sandalia MINI MELISSA FLOX BB, 22;AZUL;22;31675;GRENDENE S A;21086205;AC071;63,94;1
4500655585;6;24846330004;7,91E+12;Sandalia MINI MELISSA FLOX BB, 23/24;AZUL;23/24;31675;GRENDENE S A;21086205;AC071;63,94;1
4500655585;4;24846330001;7,91E+12;Sandalia MINI MELISSA FLOX BB, 25;AZUL;25;31675;GRENDENE S A;21086205;AC071;63,94;1
4500655585;2;24846048001;7,91E+12;Sandalia MINI MELISSA FLOX BB, 17/18;ROSA;17/18;31675;GRENDENE S A;21086205;AC072;63,94;1
4500655585;2;24846048004;7,91E+12;Sandalia MINI MELISSA FLOX BB, 19;ROSA;19;31675;GRENDENE S A;21086205;AC072;63,94;1
4500655585;4;24846048002;7,91E+12;Sandalia MINI MELISSA FLOX BB, 20/21;ROSA;20/21;31675;GRENDENE S A;21086205;AC072;63,94;1
4500655585;6;24846048005;7,91E+12;Sandalia MINI MELISSA FLOX BB, 22;ROSA;22;31675;GRENDENE S A;21086205;AC072;63,94;1
4500655585;6;24846048003;7,91E+12;Sandalia MINI MELISSA FLOX BB, 23/24;ROSA;23/24;31675;GRENDENE S A;21086205;AC072;63,94;1
4500655585;4;24846048006;7,91E+12;Sandalia MINI MELISSA FLOX BB, 25;ROSA;25;31675;GRENDENE S A;21086205;AC072;63,94;1
4500655585;1;24846049001;7,91E+12;Sandalia MINI MELISSA FLOX BB, 17/18;AMARELO;17/18;31675;GRENDENE S A;21086205;AC073;63,94;1
4500655585;1;24846049004;7,91E+12;Sandalia MINI MELISSA FLOX BB, 19;AMARELO;19;31675;GRENDENE S A;21086205;AC073;63,94;1
4500655585;2;24846049002;7,91E+12;Sandalia MINI MELISSA FLOX BB, 20/21;AMARELO;20/21;31675;GRENDENE S A;21086205;AC073;63,94;1
4500655585;3;24846049005;7,91E+12;Sandalia MINI MELISSA FLOX BB, 22;AMARELO;22;31675;GRENDENE S A;21086205;AC073;63,94;1
4500655585;3;24846049003;7,91E+12;Sandalia MINI MELISSA FLOX BB, 23/24;AMARELO;23/24;31675;GRENDENE S A;21086205;AC073;63,94;1
4500655585;2;24846049006;7,91E+12;Sandalia MINI MELISSA FLOX BB, 25;AMARELO;25;31675;GRENDENE S A;21086205;AC073;63,94;1
4500655585;1;24846331001;7,91E+12;Sandalia MINI MELISSA FLOX BB, 17/18;PRETO;17/18;31675;GRENDENE S A;21086205;1003;63,94;1
4500655585;2;24846331004;7,91E+12;Sandalia MINI MELISSA FLOX BB, 19;PRETO;19;31675;GRENDENE S A;21086205;1003;63,94;1
4500655585;3;24846331002;7,91E+12;Sandalia MINI MELISSA FLOX BB, 20/21;PRETO;20/21;31675;GRENDENE S A;21086205;1003;63,94;1
4500655585;3;24846331005;7,91E+12;Sandalia MINI MELISSA FLOX BB, 22;PRETO;22;31675;GRENDENE S A;21086205;1003;63,94;1
4500655585;2;24846331003;7,91E+12;Sandalia MINI MELISSA FLOX BB, 23/24;PRETO;23/24;31675;GRENDENE S A;21086205;1003;63,94;1
4500655585;1;24846331006;7,91E+12;Sandalia MINI MELISSA FLOX BB, 25;PRETO;25;31675;GRENDENE S A;21086205;1003;63,94;1
4500655585;1;25205437002;7,91E+12;Galocha MINI MELISSA RAIN BOOT III I, 28;ROSA;28;33616;GRENDENE S A;21086205;AB198;139,5;1
4500655585;1;25205437003;7,91E+12;Galocha MINI MELISSA RAIN BOOT III I, 29;ROSA;29;33616;GRENDENE S A;21086205;AB198;139,5;1
4500655585;1;25205437004;7,91E+12;Galocha MINI MELISSA RAIN BOOT III I, 30;ROSA;30;33616;GRENDENE S A;21086205;AB198;139,5;1
4500655585;1;25205437005;7,91E+12;Galocha MINI MELISSA RAIN BOOT III I, 31;ROSA;31;33616;GRENDENE S A;21086205;AB198;139,5;1
4500655585;1;25205437006;7,91E+12;Galocha MINI MELISSA RAIN BOOT III I, 32;ROSA;32;33616;GRENDENE S A;21086205;AB198;139,5;1
4500655585;1;25205437007;7,91E+12;Galocha MINI MELISSA RAIN BOOT III I, 33;ROSA;33;33616;GRENDENE S A;21086205;AB198;139,5;1
4500655585;2;25205460006;7,91E+12;Galocha MINI MELISSA RAIN BOOT III I, 28;ROSA;28;33616;GRENDENE S A;21086205;AC912;139,5;1
4500655585;2;25205460005;7,91E+12;Galocha MINI MELISSA RAIN BOOT III I, 29;ROSA;29;33616;GRENDENE S A;21086205;AC912;139,5;1
4500655585;2;25205460004;7,91E+12;Galocha MINI MELISSA RAIN BOOT III I, 30;ROSA;30;33616;GRENDENE S A;21086205;AC912;139,5;1
4500655585;2;25205460003;7,91E+12;Galocha MINI MELISSA RAIN BOOT III I, 31;ROSA;31;33616;GRENDENE S A;21086205;AC912;139,5;1
4500655585;2;25205460002;7,91E+12;Galocha MINI MELISSA RAIN BOOT III I, 32;ROSA;32;33616;GRENDENE S A;21086205;AC912;139,5;1
4500655585;2;25205460001;7,91E+12;Galocha MINI MELISSA RAIN BOOT III I, 33;ROSA;33;33616;GRENDENE S A;21086205;AC912;139,5;1
4500655585;1;25205439002;7,91E+12;Galocha MINI MELISSA RAIN BOOT III I, 28;VERDE;28;33616;GRENDENE S A;21086205;AC911;139,5;1
4500655585;1;25205439003;7,91E+12;Galocha MINI MELISSA RAIN BOOT III I, 29;VERDE;29;33616;GRENDENE S A;21086205;AC911;139,5;1
4500655585;1;25205439004;7,91E+12;Galocha MINI MELISSA RAIN BOOT III I, 30;VERDE;30;33616;GRENDENE S A;21086205;AC911;139,5;1
4500655585;1;25205439005;7,91E+12;Galocha MINI MELISSA RAIN BOOT III I, 31;VERDE;31;33616;GRENDENE S A;21086205;AC911;139,5;1
4500655585;1;25205439006;7,91E+12;Galocha MINI MELISSA RAIN BOOT III I, 32;VERDE;32;33616;GRENDENE S A;21086205;AC911;139,5;1
4500655585;1;25205439007;7,91E+12;Galocha MINI MELISSA RAIN BOOT III I, 33;VERDE;33;33616;GRENDENE S A;21086205;AC911;139,5;1
4500655585;1;25205438006;7,91E+12;Galocha MINI MELISSA RAIN BOOT III I, 28;PRETO;28;33616;GRENDENE S A;21086205;AB203;139,5;1
4500655585;1;25205438005;7,91E+12;Galocha MINI MELISSA RAIN BOOT III I, 29;PRETO;29;33616;GRENDENE S A;21086205;AB203;139,5;1
4500655585;1;25205438004;7,91E+12;Galocha MINI MELISSA RAIN BOOT III I, 30;PRETO;30;33616;GRENDENE S A;21086205;AB203;139,5;1
4500655585;1;25205438003;7,91E+12;Galocha MINI MELISSA RAIN BOOT III I, 31;PRETO;31;33616;GRENDENE S A;21086205;AB203;139,5;1
4500655585;1;25205438002;7,91E+12;Galocha MINI MELISSA RAIN BOOT III I, 32;PRETO;32;33616;GRENDENE S A;21086205;AB203;139,5;1
4500655585;1;25205438001;7,91E+12;Galocha MINI MELISSA RAIN BOOT III I, 33;PRETO;33;33616;GRENDENE S A;21086205;AB203;139,5;1
4500655585;1;18869447001;7,91E+12;Sandalia MEL FLOX INF, 26/27;PRETO;26/27;31735;GRENDENE S A;21086205;1003;81,38;1
4500655585;2;18869447003;7,91E+12;Sandalia MEL FLOX INF, 28;PRETO;28;31735;GRENDENE S A;21086205;1003;81,38;1
4500655585;3;18869447004;7,91E+12;Sandalia MEL FLOX INF, 29;PRETO;29;31735;GRENDENE S A;21086205;1003;81,38;1
4500655585;3;18869447005;7,91E+12;Sandalia MEL FLOX INF, 30;PRETO;30;31735;GRENDENE S A;21086205;1003;81,38;1
4500655585;2;18869447006;7,91E+12;Sandalia MEL FLOX INF, 31;PRETO;31;31735;GRENDENE S A;21086205;1003;81,38;1